game_id,rating,pred,residual,n_moves,cpl_mean,case
https://lichess.org/Fy1t6ryi,2662,1155.6015429175716,-1506.3984570824284,22,106.31818181818181,"high-rated, under-predicted"
https://lichess.org/kooeijjt,561,2045.9822594357101,1484.9822594357101,40,56.05,"low-rated, over-predicted"
https://lichess.org/rWVs7uio,477,1958.7094580841258,1481.7094580841258,18,65.11111111111111,"low-rated, over-predicted"
https://lichess.org/rDH97YRz,805,2231.631724181877,1426.631724181877,67,45.97014925373134,"low-rated, over-predicted"
https://lichess.org/JZdd21kl,2662,1269.6203720654566,-1392.3796279345434,41,78.21951219512195,"high-rated, under-predicted"
https://lichess.org/jTdSBEQI,635,2020.3144247772175,1385.3144247772175,34,14.882352941176471,"low-rated, over-predicted"
https://lichess.org/ODimB5uA,2526,1150.9609734580843,-1375.0390265419157,31,88.12903225806451,"high-rated, under-predicted"
https://lichess.org/v73NrUaf,1054,2400.755347726923,1346.755347726923,36,26.333333333333332,"low-rated, over-predicted"
https://lichess.org/HaEja054,912,2257.7479228285183,1345.7479228285183,44,17.0,"low-rated, over-predicted"
https://lichess.org/b3CSCOdV,858,2181.9923857155973,1323.9923857155973,54,75.72222222222223,"low-rated, over-predicted"
https://lichess.org/HM1I8rMR,896,2204.8615239044366,1308.8615239044366,28,5.642857142857143,"low-rated, over-predicted"
https://lichess.org/AF2V4A8U,511,1818.6336989879112,1307.6336989879112,38,44.63157894736842,"low-rated, over-predicted"
https://lichess.org/DNDzrqa6,841,2109.5684786390498,1268.5684786390498,11,14.0,"low-rated, over-predicted"
https://lichess.org/wOJSbc7A,2454,1199.9410075183473,-1254.0589924816527,12,125.83333333333333,"high-rated, under-predicted"
https://lichess.org/mZk0nhfh,704,1949.4779927478462,1245.4779927478462,23,19.47826086956522,"low-rated, over-predicted"
https://lichess.org/6bLPy02Y,2662,1417.9573799419447,-1244.0426200580553,21,121.80952380952381,"high-rated, under-predicted"
https://lichess.org/8DKFB5xm,2577,1358.630236017155,-1218.369763982845,9,2.2222222222222223,"high-rated, under-predicted"
https://lichess.org/iVJA2sJX,871,2073.0310300399597,1202.0310300399597,43,52.27906976744186,"low-rated, over-predicted"
https://lichess.org/ICYFkFIF,827,2019.906005111529,1192.906005111529,25,11.76,"low-rated, over-predicted"
https://lichess.org/BP6fEYf6,2662,1469.2030831685047,-1192.7969168314953,20,62.55,"high-rated, under-predicted"
